ID,TimeSurvey,CloseFriends,MessageType,TimeSent,TimeRespond
80,"2025-12-18 21:14:55","Yes","Personalized","2025-12-18 20:34:23",40.5333333333333
81,"2025-12-18 23:08:36","Yes","Personalized","2025-12-18 20:34:30",154.1
82,"","No","Basic","2025-12-18 20:34:38",NA
83,"2025-12-22 00:57:12","Yes","Personalized","2025-12-18 20:34:45",4582.45
84,"","Yes","Basic","2025-12-18 20:34:52",NA
85,"2025-12-19 16:39:09","Yes","Personalized","2025-12-18 20:34:59",1204.16666666667
86,"2025-12-19 11:14:05","Yes","Basic","2025-12-18 20:35:07",878.966666666667
87,"","No","Basic","2025-12-18 20:35:14",NA
88,"2025-12-18 20:46:02","Yes","Basic","2025-12-18 20:35:20",10.7
89,"2025-12-18 21:34:24","No","Basic","2025-12-18 20:35:27",58.95
90,"2025-12-18 20:37:06","Yes","Personalized","2025-12-18 20:35:34",1.53333333333333
91,"2025-12-18 23:57:27","Yes","Personalized","2025-12-18 20:35:42",201.75
92,"2025-12-18 20:39:18","Yes","Basic","2025-12-18 20:35:49",3.48333333333333
93,"2025-12-18 20:37:08","No","Basic","2025-12-18 20:35:56",1.2
94,"2025-12-20 22:47:41","No","Basic","2025-12-18 20:36:04",3011.61666666667
95,"2025-12-18 21:13:00","Yes","Basic","2025-12-18 20:36:11",36.8166666666667
96,"2025-12-18 22:33:12","Yes","Basic","2025-12-18 20:36:18",116.9
97,"2025-12-18 22:19:26","Yes","Basic","2025-12-18 20:36:25",103.016666666667
98,"2025-12-18 20:41:52","Yes","Personalized","2025-12-18 20:36:32",5.33333333333333
99,"2025-12-18 23:38:45","Yes","Basic","2025-12-18 20:36:40",182.083333333333
100,"","Yes","Basic","2025-12-18 20:36:46",NA
101,"2025-12-21 19:06:38","Yes","Basic","2025-12-18 20:36:53",4229.75
102,"","No","Personalized","2025-12-18 20:37:01",NA
103,"2025-12-18 20:40:16","Yes","Basic","2025-12-18 20:37:07",3.15
104,"2025-12-18 20:42:21","Yes","Personalized","2025-12-18 20:37:15",5.1
105,"2025-12-18 22:03:53","Yes","Basic","2025-12-18 20:37:22",86.5166666666667
106,"2025-12-18 21:02:45","Yes","Personalized","2025-12-18 20:37:29",25.2666666666667
107,"2025-12-18 21:28:24","Yes","Personalized","2025-12-18 20:37:36",50.8
108,"2025-12-20 18:38:22","No","Basic","2025-12-18 20:37:43",2760.65
109,"2025-12-18 20:39:42","Yes","Basic","2025-12-18 20:37:50",1.86666666666667
110,"","Yes","Basic","2025-12-18 20:37:57",NA
111,"2025-12-18 20:44:18","No","Basic","2025-12-18 20:38:04",6.23333333333333
112,"2025-12-18 20:39:39","Yes","Basic","2025-12-18 20:38:11",1.46666666666667
113,"2025-12-18 21:36:42","No","Basic","2025-12-18 20:38:18",58.4
114,"2025-12-18 20:40:30","No","Personalized","2025-12-18 20:38:25",2.08333333333333
115,"2025-12-19 01:07:02","Yes","Personalized","2025-12-18 20:38:33",268.483333333333
116,"2025-12-18 23:11:40","Yes","Basic","2025-12-18 20:38:40",153
117,"2025-12-18 21:26:05","Yes","Basic","2025-12-18 20:38:47",47.3
118,"2025-12-19 12:54:08","No","Basic","2025-12-18 20:38:54",975.233333333333
119,"2025-12-19 16:50:01","No","Personalized","2025-12-18 20:39:01",1211
120,"2025-12-18 23:43:10","No","Personalized","2025-12-18 20:39:08",184.033333333333
121,"","No","Basic","2025-12-18 20:39:14",NA
122,"2025-12-18 20:55:09","Yes","Personalized","2025-12-18 20:39:21",15.8
123,"","No","Personalized","2025-12-18 20:39:29",NA
124,"2025-12-18 20:41:00","Yes","Personalized","2025-12-18 20:39:36",1.4
125,"2025-12-19 07:32:50","No","Personalized","2025-12-18 20:39:44",653.1
126,"2025-12-18 20:42:56","No","Personalized","2025-12-18 20:39:53",3.05
127,"","No","Basic","2025-12-18 20:40:00",NA
128,"2025-12-18 22:43:37","No","Basic","2025-12-18 20:40:06",123.516666666667
129,"2025-12-19 06:21:03","No","Basic","2025-12-18 20:40:14",580.816666666667
130,"2025-12-18 21:54:21","No","Personalized","2025-12-18 20:40:22",73.9833333333333
131,"2025-12-18 21:22:20","No","Personalized","2025-12-18 20:40:29",41.85
132,"2025-12-18 21:35:42","No","Personalized","2025-12-18 20:40:37",55.0833333333333
133,"2025-12-18 20:48:46","No","Personalized","2025-12-18 20:40:44",8.03333333333333
134,"2025-12-18 20:49:28","No","Personalized","2025-12-18 20:40:51",8.61666666666667
135,"2025-12-19 00:13:48","Yes","Basic","2025-12-18 20:40:58",212.833333333333
136,"2025-12-18 20:47:38","Yes","Basic","2025-12-18 20:41:08",6.5
137,"2025-12-19 13:48:51","Yes","Personalized","2025-12-18 20:41:15",1027.6
36,"2025-12-19 19:32:24","Yes","Personalized","2025-12-18 20:21:13",1391.18333333333
37,"2025-12-18 20:31:25","Yes","Personalized","2025-12-18 20:21:20",10.0833333333333
38,"2025-12-18 20:26:58","Yes","Personalized","2025-12-18 20:21:26",5.53333333333333
39,"","Yes","Personalized","2025-12-18 20:21:32",NA
40,"2025-12-19 20:05:52","Yes","Basic","2025-12-18 20:21:37",1424.25
41,"2025-12-19 17:29:48","Yes","Basic","2025-12-18 20:21:43",1268.08333333333
42,"2025-12-18 20:26:49","Yes","Basic","2025-12-18 20:21:49",5
43,"2025-12-18 22:44:39","Yes","Basic","2025-12-18 20:21:54",142.75
44,"2025-12-18 20:35:33","Yes","Basic","2025-12-18 20:22:00",13.55
45,"","Yes","Personalized","2025-12-18 20:22:06",NA
46,"2025-12-18 20:24:44","Yes","Basic","2025-12-18 20:22:11",2.55
47,"","Yes","Personalized","2025-12-18 20:22:17",NA
48,"2025-12-18 21:20:10","Yes","Personalized","2025-12-18 20:22:24",57.7666666666667
49,"2025-12-18 20:24:21","Yes","Personalized","2025-12-18 20:22:30",1.85
50,"2025-12-19 09:31:16","No","Basic","2025-12-18 20:22:36",788.666666666667
51,"2025-12-18 20:25:05","Yes","Basic","2025-12-18 20:22:41",2.4
52,"2025-12-18 21:54:10","No","Personalized","2025-12-18 20:22:49",91.35
53,"2025-12-18 20:31:35","No","Personalized","2025-12-18 20:22:55",8.66666666666667
54,"2025-12-18 20:24:06","No","Basic","2025-12-18 20:23:01",1.08333333333333
55,"","No","Personalized","2025-12-18 20:23:07",NA
56,"2025-12-18 21:49:52","No","Personalized","2025-12-18 20:23:15",86.6166666666667
57,"2025-12-18 20:50:02","No","Personalized","2025-12-18 20:23:21",26.6833333333333
58,"","No","Personalized","2025-12-18 20:23:27",NA
59,"","Yes","Personalized","2025-12-18 20:23:33",NA
60,"2025-12-20 15:36:41","No","Basic","2025-12-18 20:23:40",2593.01666666667
61,"","No","Personalized","2025-12-18 20:23:46",NA
62,"2025-12-18 23:12:41","No","Basic","2025-12-18 20:23:51",168.833333333333
63,"2025-12-18 20:25:08","No","Personalized","2025-12-18 20:23:57",1.18333333333333
64,"2025-12-18 21:06:54","No","Basic","2025-12-18 20:24:04",42.8333333333333
65,"2025-12-19 17:41:43","No","Personalized","2025-12-18 20:24:09",1277.56666666667
66,"2025-12-19 14:49:11","No","Basic","2025-12-18 20:24:15",1104.93333333333
67,"","No","Basic","2025-12-18 20:24:21",NA
68,"2025-12-18 20:38:14","No","Personalized","2025-12-18 20:24:29",13.75
69,"","No","Basic","2025-12-18 20:24:35",NA
70,"2025-12-18 20:46:54","No","Basic","2025-12-18 20:24:41",22.2166666666667
71,"2025-12-21 18:51:33","No","Personalized","2025-12-18 20:24:47",4226.76666666667
72,"","No","Basic","2025-12-18 20:24:55",NA
73,"2025-12-19 14:22:40","No","Personalized","2025-12-18 20:25:01",1077.65
74,"","No","Personalized","2025-12-18 20:25:07",NA
75,"","No","Personalized","2025-12-18 20:25:13",NA
76,"2025-12-18 20:28:04","No","Personalized","2025-12-18 20:25:21",2.71666666666667
77,"","No","Personalized","2025-12-18 20:25:27",NA
78,"2025-12-18 20:32:55","Yes","Personalized","2025-12-18 20:25:33",7.36666666666667
79,"2025-12-19 01:34:57","Yes","Basic","2025-12-18 20:25:38",309.316666666667
0,"2025-12-18 20:33:53","Yes","Basic","2025-12-18 20:31:59",1.9
1,"2025-12-18 20:45:34","Yes","Personalized","2025-12-18 20:32:13",13.35
2,"2025-12-18 20:38:46","Yes","Personalized","2025-12-18 20:32:29",6.28333333333333
3,"2025-12-18 20:36:21","Yes","Personalized","2025-12-18 20:32:43",3.63333333333333
4,"","Yes","Basic","2025-12-18 20:32:55",NA
5,"2025-12-19 02:43:21","Yes","Personalized","2025-12-18 20:33:08",370.216666666667
6,"2025-12-18 21:24:44","Yes","Personalized","2025-12-18 20:33:26",51.3
7,"2025-12-19 17:36:08","Yes","Basic","2025-12-18 20:33:39",1262.48333333333
8,"2025-12-18 21:06:33","Yes","Personalized","2025-12-18 20:33:56",32.6166666666667
9,"2025-12-18 21:06:39","Yes","Personalized","2025-12-18 20:34:11",32.4666666666667
10,"2025-12-18 22:00:29","Yes","Basic","2025-12-18 20:34:26",86.05
11,"2025-12-19 21:25:02","Yes","Personalized","2025-12-18 20:34:49",1490.21666666667
12,"","Yes","Personalized","2025-12-18 20:35:17",NA
13,"2025-12-18 20:37:43","Yes","Basic","2025-12-18 20:35:41",2.03333333333333
14,"2025-12-19 16:01:44","Yes","Basic","2025-12-18 20:36:02",1165.7
15,"2025-12-19 11:32:54","No","Personalized","2025-12-18 20:36:23",896.516666666667
16,"2025-12-18 20:48:13","No","Basic","2025-12-18 20:36:40",11.55
17,"","No","Basic","2025-12-18 20:36:57",NA
18,"2025-12-19 15:55:07","No","Basic","2025-12-18 20:37:16",1157.85
19,"","No","Basic","2025-12-18 20:37:37",NA
20,"2025-12-19 10:06:55","No","Personalized","2025-12-18 20:37:56",808.983333333333
21,"2025-12-18 23:42:50","No","Personalized","2025-12-18 20:38:15",184.583333333333
22,"2025-12-18 21:38:30","No","Basic","2025-12-18 20:38:26",60.0666666666667
23,"2025-12-18 22:53:46","No","Personalized","2025-12-18 20:38:46",135
24,"","No","Basic","2025-12-18 20:44:00",NA
25,"2025-12-18 21:16:12","No","Basic","2025-12-18 20:39:20",36.8666666666667
26,"2025-12-18 22:05:34","No","Basic","2025-12-18 20:39:37",85.95
27,"2025-12-19 15:15:00","No","Personalized","2025-12-18 20:39:53",1115.11666666667
28,"2025-12-18 21:47:11","No","Basic","2025-12-18 20:40:08",67.05
29,"2025-12-18 21:02:58","No","Personalized","2025-12-18 20:40:24",22.5666666666667
30,"","No","Basic","2025-12-18 20:40:46",NA
31,"2025-12-18 21:01:58","No","Basic","2025-12-18 20:41:04",20.9
32,"","No","Basic","2025-12-18 20:41:19",NA
33,"2025-12-19 02:14:26","No","Personalized","2025-12-18 20:41:36",332.833333333333
34,"2025-12-19 05:12:19","No","Basic","2025-12-18 20:41:47",510.533333333333
35,"2025-12-18 20:51:56","No","Personalized","2025-12-18 20:41:58",9.96666666666667
